{
  "allFiles": [
    {
      "file": "/storage/emulated/0/AndroidIDEProjects/downloader/downloader/src/main/java/alirezat775/lib/downloader/core/OnDownloadListener.kt",
      "selection": {
        "end": {
          "column": 72,
          "index": -1,
          "line": 14
        },
        "start": {
          "column": 72,
          "index": -1,
          "line": 14
        }
      }
    },
    {
      "file": "/storage/emulated/0/AndroidIDEProjects/downloader/downloader/src/main/java/alirezat775/lib/downloader/core/DownloadTask.kt",
      "selection": {
        "end": {
          "column": 16,
          "index": -1,
          "line": 78
        },
        "start": {
          "column": 16,
          "index": -1,
          "line": 78
        }
      }
    }
  ],
  "selectedFile": "/storage/emulated/0/AndroidIDEProjects/downloader/downloader/src/main/java/alirezat775/lib/downloader/core/DownloadTask.kt"
}